Workbook

Sheet Tổng quan
A1: Kết quả benchmark funnel / session / brand trên Spark SQL (TV2)
A2: Số màu xanh dương là số liệu lấy từ lần chạy trên máy ảo của nhóm. Số màu đen là công thức.
A4: Thông số | B4: Giá trị | C4: Ghi chú
A5: Số dòng dữ liệu mẫu gốc | B5: 20000 | C5: sample_20k.csv
A6: Số phiên trong mẫu gốc | B6: 5231 | C6: Kết quả truy vấn chất lượng dữ liệu
A7: REPLICAS (số lần nhân bản) | B7: 50 | C7: Dòng sequence(0, 50 - 1) trong setup.sql đã render
A8: Số dòng sau nhân bản | B8: =B5*B7 -> 1000000 | C8: Dữ liệu giả để đo hiệu năng, không dùng rút kết luận nghiệp vụ
A9: Số phiên sau nhân bản | B9: =B6*B7 -> 261550 | C9: Khớp sessions_window = 261.550 trong verify_sf.out
A10: Số ngày (số phân vùng) | B10: =B7 -> 50 | C10: Mỗi bản sao lùi sang 1 ngày
A11: Thời gian khởi động spark-sql (giây) | B11: 8.4 | C11: Trung bình 3 lần đo 8,28 / 8,57 / 8,40 ở lần chạy trước. Bảng benchmark đã trừ giá trị này
A12: Phần cứng máy ảo | B12: 6 CPU, RAM 7,6 GB, ổ 50 GB | C12: Từ lệnh nproc, free -h, df -h
A13: Spark | B13: 3.1.2, chế độ local[2], driver 1g | C13: Lệnh spark-sql --version và cấu hình bench.sh
A14: Cấu hình A, B, C | B14: shuffle.partitions=200, AQE tắt | C14: Mặc định của Spark (trước tối ưu)
A15: Cấu hình D | B15: shuffle.partitions=8, AQE bật | C15: Sau tối ưu
A17: Đầu ra yêu cầu | B17: Trạng thái | C17: Ghi chú
A18: Bộ truy vấn bản đầu | B18: Đã có | C18: Thư mục queries/ và setup.sql trong ecom_bench
A19: Kịch bản benchmark | B19: Đã có | C19: README.md, mục 3 và 4
A20: Kết quả chạy thử trên Spark | B20: Đã có | C20: Các sheet Trung vị, Nhanh nhất, Dung lượng, Dựng bảng
A21: Đối chiếu hai cách dựng session_funnel | B21: Đạt | C21: Xem sheet Dựng bảng
A22: Kiểm thử Hive (bash bench.sh hive) | B22: Đạt | C22: Xem sheet Hive: hive_check và q1 khớp với Spark
A23: Nối với bảng thật của TV1 | B23: Chưa | C23: Chờ TV1 giao bảng, dùng queries/adapter_real_schema.sql

Sheet Trung vị
A1: Trung vị các lần đo (giây, đã trừ thời gian khởi động spark-sql)
A2: Trung vị của 3 lần đo cho mỗi ô. Cột 'Kết quả giống nhau' trong summary.md đều là 'co' (kết quả đầu ra của 4 kịch bản trùng nhau).
A4: Truy vấn | B4: A: CSV | C4: B: Parquet | D4: C: Parquet + phân vùng | E4: D: C + tối ưu | F4: Tăng tốc B so với A | G4: Tăng tốc C so với B | H4: Tăng tốc D so với A
A5: q1 Funnel tổng thể | B5: 11.8 | C5: 9.9 | D5: 11.5 | E5: 14.9 | F5: =IFERROR(B5/C5,"-") -> 1.1919192 | G5: =IFERROR(C5/D5,"-") -> 0.86086957 | H5: =IFERROR(B5/E5,"-") -> 0.79194631
A6: q2 Funnel theo ngày | B6: 16.7 | C6: 12.5 | D6: 34.6 | E6: 19.6 | F6: =IFERROR(B6/C6,"-") -> 1.336 | G6: =IFERROR(C6/D6,"-") -> 0.36127168 | H6: =IFERROR(B6/E6,"-") -> 0.85204082
A7: q3 Số sự kiện mỗi phiên | B7: 18.7 | C7: 15.3 | D7: 17.4 | E7: 37.1 | F7: =IFERROR(B7/C7,"-") -> 1.2222222 | G7: =IFERROR(C7/D7,"-") -> 0.87931034 | H7: =IFERROR(B7/E7,"-") -> 0.50404313
A8: q4 Thời lượng phiên | B8: 92.2 | C8: 51.3 | D8: 18.2 | E8: 9.3 | F8: =IFERROR(B8/C8,"-") -> 1.797271 | G8: =IFERROR(C8/D8,"-") -> 2.8186813 | H8: =IFERROR(B8/E8,"-") -> 9.9139785
A9: q5 Brand (Phương pháp A) | B9: 37.1 | C9: 30.2 | D9: 29.8 | E9: 17.9 | F9: =IFERROR(B9/C9,"-") -> 1.2284768 | G9: =IFERROR(C9/D9,"-") -> 1.0134228 | H9: =IFERROR(B9/E9,"-") -> 2.0726257
A10: q6 Quét theo brand | B10: 17.4 | C10: 11.4 | D10: 12.6 | E10: 10.7 | F10: =IFERROR(B10/C10,"-") -> 1.5263158 | G10: =IFERROR(C10/D10,"-") -> 0.9047619 | H10: =IFERROR(B10/E10,"-") -> 1.6261682
A12: Tăng tốc = thời gian của phương án trước chia thời gian của phương án sau. Tỷ lệ không đáng tin khi thời gian sau chỉ còn vài giây hoặc nhỏ hơn 1 giây.
A14: Độ nhiễu = trung vị chia lần nhanh nhất. Ô màu cam là trên 1,5 lần (số đo dao động mạnh, chưa nên kết luận).
A15: Truy vấn | B15: A: CSV | C15: B: Parquet | D15: C: Parquet + phân vùng | E15: D: C + tối ưu
A16: q1 Funnel tổng thể | B16: =IFERROR('Trung vị'!B5/'Nhanh nhất'!B5,"-") -> 1 | C16: =IFERROR('Trung vị'!C5/'Nhanh nhất'!C5,"-") -> 1.0206186 | D16: =IFERROR('Trung vị'!D5/'Nhanh nhất'!D5,"-") -> 1.0454545 | E16: =IFERROR('Trung vị'!E5/'Nhanh nhất'!E5,"-") -> 16.555556
A17: q2 Funnel theo ngày | B17: =IFERROR('Trung vị'!B6/'Nhanh nhất'!B6,"-") -> 1.0636943 | C17: =IFERROR('Trung vị'!C6/'Nhanh nhất'!C6,"-") -> 1.0416667 | D17: =IFERROR('Trung vị'!D6/'Nhanh nhất'!D6,"-") -> 2.3537415 | E17: =IFERROR('Trung vị'!E6/'Nhanh nhất'!E6,"-") -> 1.9215686
A18: q3 Số sự kiện mỗi phiên | B18: =IFERROR('Trung vị'!B7/'Nhanh nhất'!B7,"-") -> 1.3262411 | C18: =IFERROR('Trung vị'!C7/'Nhanh nhất'!C7,"-") -> 1.0065789 | D18: =IFERROR('Trung vị'!D7/'Nhanh nhất'!D7,"-") -> 1.0419162 | E18: =IFERROR('Trung vị'!E7/'Nhanh nhất'!E7,"-") -> 3.9892473
A19: q4 Thời lượng phiên | B19: =IFERROR('Trung vị'!B8/'Nhanh nhất'!B8,"-") -> 1.0872642 | C19: =IFERROR('Trung vị'!C8/'Nhanh nhất'!C8,"-") -> 2.8820225 | D19: =IFERROR('Trung vị'!D8/'Nhanh nhất'!D8,"-") -> 1.0643275 | E19: =IFERROR('Trung vị'!E8/'Nhanh nhất'!E8,"-") -> 1
A20: q5 Brand (Phương pháp A) | B20: =IFERROR('Trung vị'!B9/'Nhanh nhất'!B9,"-") -> 1.0450704 | C20: =IFERROR('Trung vị'!C9/'Nhanh nhất'!C9,"-") -> 1.1185185 | D20: =IFERROR('Trung vị'!D9/'Nhanh nhất'!D9,"-") -> 1.0205479 | E20: =IFERROR('Trung vị'!E9/'Nhanh nhất'!E9,"-") -> 1.0529412
A21: q6 Quét theo brand | B21: =IFERROR('Trung vị'!B10/'Nhanh nhất'!B10,"-") -> 1 | C21: =IFERROR('Trung vị'!C10/'Nhanh nhất'!C10,"-") -> 1.0088496 | D21: =IFERROR('Trung vị'!D10/'Nhanh nhất'!D10,"-") -> 1.016129 | E21: =IFERROR('Trung vị'!E10/'Nhanh nhất'!E10,"-") -> 1.009434

Sheet Nhanh nhất
A1: Nhanh nhất các lần đo (giây, đã trừ thời gian khởi động spark-sql)
A2: Lần đo nhanh nhất của mỗi ô, dùng đối chiếu khi máy ảo bị nhiễu.
A4: Truy vấn | B4: A: CSV | C4: B: Parquet | D4: C: Parquet + phân vùng | E4: D: C + tối ưu | F4: Tăng tốc B so với A | G4: Tăng tốc C so với B | H4: Tăng tốc D so với A
A5: q1 Funnel tổng thể | B5: 11.8 | C5: 9.7 | D5: 11 | E5: 0.9 | F5: =IFERROR(B5/C5,"-") -> 1.2164948 | G5: =IFERROR(C5/D5,"-") -> 0.88181818 | H5: =IFERROR(B5/E5,"-") -> 13.111111
A6: q2 Funnel theo ngày | B6: 15.7 | C6: 12 | D6: 14.7 | E6: 10.2 | F6: =IFERROR(B6/C6,"-") -> 1.3083333 | G6: =IFERROR(C6/D6,"-") -> 0.81632653 | H6: =IFERROR(B6/E6,"-") -> 1.5392157
A7: q3 Số sự kiện mỗi phiên | B7: 14.1 | C7: 15.2 | D7: 16.7 | E7: 9.3 | F7: =IFERROR(B7/C7,"-") -> 0.92763158 | G7: =IFERROR(C7/D7,"-") -> 0.91017964 | H7: =IFERROR(B7/E7,"-") -> 1.516129
A8: q4 Thời lượng phiên | B8: 84.8 | C8: 17.8 | D8: 17.1 | E8: 9.3 | F8: =IFERROR(B8/C8,"-") -> 4.7640449 | G8: =IFERROR(C8/D8,"-") -> 1.0409357 | H8: =IFERROR(B8/E8,"-") -> 9.1182796
A9: q5 Brand (Phương pháp A) | B9: 35.5 | C9: 27 | D9: 29.2 | E9: 17 | F9: =IFERROR(B9/C9,"-") -> 1.3148148 | G9: =IFERROR(C9/D9,"-") -> 0.92465753 | H9: =IFERROR(B9/E9,"-") -> 2.0882353
A10: q6 Quét theo brand | B10: 17.4 | C10: 11.3 | D10: 12.4 | E10: 10.6 | F10: =IFERROR(B10/C10,"-") -> 1.539823 | G10: =IFERROR(C10/D10,"-") -> 0.91129032 | H10: =IFERROR(B10/E10,"-") -> 1.6415094
A12: Tăng tốc = thời gian của phương án trước chia thời gian của phương án sau. Tỷ lệ không đáng tin khi thời gian sau chỉ còn vài giây hoặc nhỏ hơn 1 giây.

Sheet Dung lượng
A1: Dung lượng các bảng trên HDFS (lệnh bench.sh sizes)
A3: Bảng | B3: Dung lượng (MB) | C3: Số dòng | D3: Byte mỗi dòng | E3: CSV lớn hơn bảng này (lần)
A4: events_csv_txt (CSV) | B4: 131.7 | C4: ='Tổng quan'!B8 -> 1000000 | D4: =B4*1024*1024/C4 -> 138.09746 | E4: =$B$4/B4 -> 1
A5: events_pq (Parquet) | B5: 10.6 | C5: ='Tổng quan'!B8 -> 1000000 | D5: =B5*1024*1024/C5 -> 11.114906 | E5: =$B$4/B5 -> 12.424528
A6: events_pq_part (Parquet phân vùng) | B6: 25.4 | C6: ='Tổng quan'!B8 -> 1000000 | D6: =B6*1024*1024/C6 -> 26.63383 | E6: =$B$4/B6 -> 5.1850394
A7: session_funnel_pq (1 dòng mỗi phiên) | B7: 6 | C7: ='Tổng quan'!B9 -> 261550 | D7: =B7*1024*1024/C7 -> 24.054506 | E7: =$B$4/B7 -> 21.95
A9: Bảng phân vùng lớn hơn Parquet thường (lần) | B9: =B6/B5 -> 2.3962264
A10: Dung lượng trung bình mỗi phân vùng (MB) | B10: =B6/'Tổng quan'!B10 -> 0.508
A12: Nhận xét: mỗi phân vùng chỉ khoảng 0,5 MB nên có nhiều file nhỏ, làm bảng phân vùng lớn hơn bảng Parquet thường. Dữ liệu thật (hàng chục triệu dòng mỗi ngày) sẽ có file lớn hơn nhiều.

Sheet Dựng bảng
A1: Dựng bảng session_funnel: 3 lớp window và 1 phép gộp
A3: Lần chạy | B3: 3 lớp window (giây) | C3: 1 phép gộp (giây) | D3: Tăng tốc (thô) | E3: Window trừ khởi động | F3: Gộp trừ khởi động | G3: Tăng tốc (đã trừ)
A4: Lần 1 | B4: 32.18 | C4: 11.17 | D4: =B4/C4 -> 2.8809311 | E4: =MAX(B4-'Tổng quan'!$B$11,0) -> 23.78 | F4: =MAX(C4-'Tổng quan'!$B$11,0) -> 2.77 | G4: =IFERROR(E4/F4,"-") -> 8.5848375
A5: Lần 2 | B5: 30.59 | C5: 16.47 | D5: =B5/C5 -> 1.8573163 | E5: =MAX(B5-'Tổng quan'!$B$11,0) -> 22.19 | F5: =MAX(C5-'Tổng quan'!$B$11,0) -> 8.07 | G5: =IFERROR(E5/F5,"-") -> 2.7496902
A7: Hai lần chạy là hai lần gọi bench.sh build. Cách window chạy với shuffle 200, AQE tắt. Cách gộp chạy với shuffle 8, AQE bật, nên mức chênh gồm cả hiệu ứng cấu hình. Số đo dao động nhiều giữa hai lần.
A9: Kiểm tra tính đúng (verify_sf.out) | B9: Giá trị | C9: Yêu cầu
A10: sessions_window | B10: 261550 | C10: Bằng sessions_agg
A11: sessions_agg | B11: 261550 | C11: Bằng sessions_window
A12: missing_in_agg | B12: 0 | C12: Bằng 0
A13: mismatched | B13: 0 | C13: Bằng 0
A14: Kết luận | B14: =IF(AND(B10=B11,B12=0,B13=0),"ĐẠT","KHÔNG ĐẠT") -> ĐẠT | C14: Hai cách dựng cho cùng kết quả trên toàn bộ phiên

Sheet Nhận xét
A1: Nhận xét kết quả và độ tin cậy
A3: # | B3: Phát hiện | C3: Bằng chứng | D3: Độ tin cậy
A4: 1 | B4: Parquet nhỏ hơn CSV khoảng 12 lần (131,7 MB còn 10,6 MB). | C4: Sheet Dung lượng | D4: Cao
A5: 2 | B5: Hai cách dựng session_funnel cho cùng kết quả trên 261.550 phiên, không lệch dòng nào. Cách một phép gộp (collect_list và filter) chạy được trên Spark 3.1.2. | C5: Sheet Dựng bảng, verify_sf.out | D5: Cao về tính đúng
A6: 3 | B6: Kết quả đầu ra của bốn kịch bản giống nhau ở cả 6 truy vấn (so mã băm). | C6: Cột 'Kết quả giống nhau' trong summary.md | D6: Cao
A7: 4 | B7: q5 (brand Phương pháp A) nhanh hơn khoảng 2,1 lần ở kịch bản D (37,1 giây còn 17,9 giây), ổn định ở cả trung vị lẫn lần nhanh nhất. | C7: Sheet Trung vị và Nhanh nhất | D7: Khá cao
A8: 5 | B8: Parquet nhanh hơn CSV ở q4 đến q6 (ví dụ q6 từ 17,4 giây còn 11,4 giây). Ở q1 đến q3 chênh lệch nhỏ. | C8: Sheet Trung vị | D8: Trung bình
A9: 6 | B9: Phân vùng (C) chưa nhanh hơn Parquet thường (B). Nguyên nhân dự kiến: truy vấn lọc cả 50 ngày nên không có phân vùng nào bị bỏ qua. Bảng phân vùng còn lớn hơn 2,4 lần do 50 file nhỏ. Chưa có phép đo lọc 1 ngày để kiểm chứng. | C9: Sheet Dung lượng, Trung vị | D9: Thấp, cần đo thêm
A10: 7 | B10: Với q1, q2, q3 ở kịch bản D, trung vị và lần nhanh nhất chênh rất lớn (ví dụ q1: 14,9 và 0,9 giây). Số đo bị nhiễu nên chưa kết luận được bảng dựng sẵn có nhanh hơn hay không. | C10: Bảng độ nhiễu ở sheet Trung vị | D10: Thấp, cần đo lại
A11: 8 | B11: q4 ở kịch bản A (CSV) chậm bất thường (85 đến 92 giây, gấp nhiều lần q3 cùng kịch bản). Chưa giải thích được nguyên nhân. | C11: Sheet Trung vị và Nhanh nhất | D11: Cần điều tra (xem file .err và Spark UI)
A12: 9 | B12: Hạn chế: dữ liệu là bản nhân bản giả lập 1 triệu dòng, nhỏ hơn rất nhiều so với 100 triệu dòng thật. Máy ảo ít RAM trống nên số đo dao động. Thời gian khởi động Spark chiếm phần lớn thời gian ở các truy vấn ngắn. | C12: Sheet Tổng quan | D12: Ghi chú phạm vi
A13: 10 | B13: Hive đọc được bảng Parquet phân vùng do Spark tạo và cho kết quả giống Spark ở hive_check và q1. Không có lệch múi giờ giữa hai công cụ. | C13: Sheet Hive | D13: Cao

Sheet Hive
A1: Kiểm thử trên Hive (bash bench.sh hive)
A2: Số màu xanh dương là số liệu nhập từ lần chạy trên máy ảo. Hive đọc các bảng do Spark tạo trong kho dữ liệu HDFS dùng chung.
A4: Kiểm tra | B4: Kết quả | C4: Bằng chứng và ghi chú
A5: Hive thấy database ecom_bench do Spark tạo | B5: Đạt | C5: Bảng nằm ở hdfs://localhost:9000/user/hive/warehouse/ecom_bench.db/... nên Spark và Hive dùng chung kho dữ liệu.
A6: hive_check: số dòng, số phiên, thời gian nhỏ nhất và lớn nhất, số sự kiện theo loại và theo ngày | B6: Khớp | C6: Hai đầu ra chỉ khác dòng 'Response code' do spark-sql in sau lệnh USE. Không có lệch múi giờ.
A7: q1 (funnel tổng thể, 3 lớp window) chạy trên Hive | B7: Khớp | C7: Kết quả giống Spark: S_view 5229, S_cart 97, S_purchase 49, sessions_skip_stage 106, CR 0,0186 / 0,5052 / 0,0094 (khoảng ngày 2019-11-01).
A9: Thời gian chạy q1 trên Hive
A10: Số phút | B10: 2
A11: Số giây lẻ | B11: 34.751
A12: Tổng (giây) | B12: =B10*60+B11 -> 154.751 | C12: Lệnh time hive -f ... (real 2m34.751s). Gồm thời gian khởi động Hive và chạy MapReduce, không so sánh trực tiếp với số đo Spark vì phạm vi dữ liệu khác.
A14: Ghi chú: lần chạy đầu của q1 trên Hive bị dừng sau khoảng 16 giây (nguyên nhân chưa xác định, nghi do tác động bên ngoài). Chạy lại riêng thì hoàn tất và cho kết quả đúng.
